<?xml version="1.0" encoding="utf-8"?>
<Window bktrans="true" size="120,82">
 <Font id="0" name="宋体" size="13" bold="false"/>
 <Font id="1" name="宋体" size="12"/>
<VerticalLayout bkimage="file='menu_bk.png' corner='40,8,8,8'" hole="false">
	<List header="hidden" inset="8,8,8,8" itemhotimage="file='menu_hot_bk.png' corner='2,2,2,2'" itemdisabledbkcolor="#FF0000FF">
		<ListContainerElement name="menu_copy" height="22" inset="40,0,0,0">
			<Label text="复制" mouse="false"/>
		</ListContainerElement>
		<ListContainerElement name="menu_cut" height="22" inset="40,0,0,0">
			<Label text="剪切" mouse="false"/>
		</ListContainerElement>
		<ListContainerElement name="menu_paste" height="22" inset="40,0,0,0">
			<Label text="粘贴" mouse="false"/>
		</ListContainerElement>
	</List>
</VerticalLayout>
</Window>